total_cars,new_cars,new_itsg5,new_cv2x,removed_cars,scrapped_itsg5,scrapped_cv2x,total_amount_itsg5,total_amount_cv2x,cits_penetration,itsg5_penetration,cv2x_penetration
247.09913999999998,0.0,0.0,0.0,0.0,0.0,0.0,0.0,0.0,0.0,0.0,0.0
251.54692452,26.13286422,2.7246570091163647,1.008609308026492,21.6850797,0.08173971027349101,0.030258279240794782,2.6429172988428737,0.9783510287856972,0.014395995238417838,0.01050665717295518,0.003889338065462655
256.07476916136,26.603255775959987,2.9223729392276265,0.8780921716238008,22.0754111346,0.09271810140405452,0.028211023663730843,5.472572136666446,1.828232176745768,0.028510439889576814,0.021370993146216686,0.007139446743360127
260.6841150062645,27.082114379927315,2.203068831391548,1.6658046514552112,22.4727685350228,0.07960156064704689,0.054597734345088016,7.596039407410947,3.439439093855891,0.04233276162991997,0.02913886566209992,0.013193895967820049
265.3764290763773,27.569592438765998,1.1534661311809216,2.7850470743570783,22.87727836865321,0.05901384896665063,0.093557075514086,8.690491689625219,6.130929092698882,0.05585055475314421,0.032747790449482735,0.023102764303661486
270.1532047997521,28.06584510266376,0.416057161915904,3.5933492813217764,23.289069379288968,0.049487496266775836,0.12752303741192494,9.057061355274346,9.596755336608734,0.0690490298114731,0.033525648388986494,0.035523381422486615
275.0159624861476,28.5710303145117,2.2252962444075584,1.8562795148083988,23.708272628116173,0.1181798209785716,0.09055141197233592,11.164177778703332,11.362483439444794,0.08191037718140738,0.04059465377129033,0.041315723410117036
279.96624981089826,29.085308860172926,1.7016085314237832,2.453435591458063,24.135021535422265,0.12330100488128144,0.12594423798311735,12.742485305245834,13.68997479291974,0.09441302341271221,0.045514362227063725,0.04889866118564849
