total_cars,new_cars,new_cars_share,itsg5_shares,cv2x_shares,new_itsg5,new_cv2x,removed_cars,scrapped_itsg5,scrapped_cv2x,total_amount_itsg5,total_amount_cv2x,cits_penetration,itsg5_penetration,cv2x_penetration
247.09913999999998,0.0,0.0,0.0,0.0,0.0,0.0,0.0,0.0,0.0,0.0,0.0,0.0,0.0,0.0
251.54692452,26.13286422,0.14285714285714285,0.33151939059272906,0.6684806094072709,1.2376501743795618,2.495616142763295,21.6850797,0.03712950523138689,0.07486848428289891,1.2005206691481751,2.420747658480396,0.014395995238417838,0.004772551568416111,0.009623443670001728
256.07476916136,26.603255775959987,0.14285714285714285,0.6572547001740133,0.3427452998259867,3.7578014344728463,3.843128787230008,22.0754111346,0.11502655655601778,0.1199165218373105,4.843295547065004,6.143959923873093,0.04290643512799465,0.018913599191855986,0.023992835936138674
260.6841150062645,27.082114379927315,0.14285714285714285,0.5330589775777768,0.4669410224222232,5.88777960343743,5.718840845102847,22.4727685350228,0.1872716988719188,0.18609964992462466,10.543803451630517,11.676701119051314,0.08523919675791464,0.04044666646211693,0.0447925302957977
265.3764290763773,27.569592438765998,0.14285714285714285,0.35070797079827665,0.6492920292017234,7.375027610575751,8.379025211576247,22.87727836865321,0.2486129190199473,0.2840500385356705,17.670218143186318,19.771676292091893,0.14108975151105888,0.06658548464415692,0.07450426686690195
270.1532047997521,28.06584510266376,0.14285714285714285,0.045508613139323965,0.954491386860676,7.690240634309722,12.356791581878676,23.289069379288968,0.2851163405469547,0.4341450839233645,25.07534243694909,31.6943227900472,0.21013878132253194,0.09281897083373818,0.11731981048879375
275.0159624861476,28.5710303145117,0.14285714285714285,0.7793439305165085,0.22065606948349148,11.00961626061556,13.479838294680178,23.708272628116173,0.42290830388444267,0.5180310591772497,35.66205039368021,44.656130025550134,0.29204915850393925,0.1296726563479983,0.16237650215594096
279.96624981089826,29.085308860172926,0.14285714285714285,0.457679477687004,0.542320522312996,13.109467777233666,15.975841082939256,24.135021535422265,0.5431703685912268,0.6639511458699752,48.22834780232265,59.968019962619415,0.3864621819166515,0.17226486347871658,0.21419731843793494
